Area,Año,NivelEducacion,UnidadMedida,GastoEducacion
Andorra,2014,Primaria,Percent,22.13474
Andorra,2013,Primaria,Percent,32.11786
Andorra,2011,Primaria,Percent,28.73829
Andorra,2010,Primaria,Percent,28.73565
Andorra,2009,Primaria,Percent,26.32029
Andorra,2006,Primaria,Percent,24.67336
Andorra,2005,Primaria,Percent,23.79097
Andorra,2004,Primaria,Percent,29.08384
Angola,2006,Primaria,Percent,27.64875
Anguilla,2005,Primaria,Percent,30.48757
Anguilla,2003,Primaria,Percent,47.7229
Anguilla,1998,Primaria,Percent,26.14445
Antigua and Barbuda,2009,Primaria,Percent,49.39137
Antigua and Barbuda,2002,Primaria,Percent,29.69174
Argentina,2010,Primaria,Percent,32.76206
Argentina,2009,Primaria,Percent,32.57627
Argentina,2008,Primaria,Percent,34.74618
Argentina,2007,Primaria,Percent,35.25613
Argentina,2006,Primaria,Percent,34.86221
Argentina,2004,Primaria,Percent,36.63484
Argentina,2003,Primaria,Percent,37.95565
Argentina,2002,Primaria,Percent,35.38761
Argentina,2001,Primaria,Percent,37.81441
Argentina,1999,Primaria,Percent,36.1609
Argentina,1998,Primaria,Percent,35.27505
Armenia,2012,Primaria,Percent,23.07589
Aruba,2005,Primaria,Percent,30.22833
Aruba,2004,Primaria,Percent,30.09985
Aruba,2002,Primaria,Percent,29.33413
Aruba,2001,Primaria,Percent,29.30504
Aruba,2000,Primaria,Percent,29.8856
Aruba,1999,Primaria,Percent,29.93031
Aruba,1998,Primaria,Percent,31.22491
Australia,2013,Primaria,Percent,32.07929
Australia,2012,Primaria,Percent,31.69568
Australia,2011,Primaria,Percent,34.28346
Australia,2010,Primaria,Percent,34.3714
Australia,2009,Primaria,Percent,34.45906
Australia,2008,Primaria,Percent,34.95334
Australia,2007,Primaria,Percent,34.45095
Australia,2006,Primaria,Percent,35.41228
Australia,2005,Primaria,Percent,34.53837
Australia,2000,Primaria,Percent,33.70645
Austria,2013,Primaria,Percent,16.42691
Austria,2012,Primaria,Percent,15.85094
Austria,2011,Primaria,Percent,17.38977
Austria,2010,Primaria,Percent,17.64437
Austria,2009,Primaria,Percent,17.63037
Austria,2008,Primaria,Percent,18.06933
Austria,2007,Primaria,Percent,18.22464
Austria,2006,Primaria,Percent,18.5866
Austria,2005,Primaria,Percent,19.1175
Austria,2004,Primaria,Percent,18.86152
Austria,2003,Primaria,Percent,19.83831
Austria,2002,Primaria,Percent,19.72462
Austria,2001,Primaria,Percent,19.48101
Austria,1999,Primaria,Percent,19.01201
Austria,1998,Primaria,Percent,19.32255
Bangladesh,2009,Primaria,Percent,42.65346
Bangladesh,2008,Primaria,Percent,41.30128
Bangladesh,2007,Primaria,Percent,43.40791
Bangladesh,2006,Primaria,Percent,37.69332
Bangladesh,2004,Primaria,Percent,39.04349
Bangladesh,2003,Primaria,Percent,43.2813
Bangladesh,2002,Primaria,Percent,38.15884
Bangladesh,2000,Primaria,Percent,40.28925
Bangladesh,1999,Primaria,Percent,38.86296
Barbados,2008,Primaria,Percent,36.65367
Barbados,2005,Primaria,Percent,28.34912
Barbados,2004,Primaria,Percent,26.19789
Barbados,2003,Primaria,Percent,26.00815
Barbados,2002,Primaria,Percent,25.10003
Barbados,2001,Primaria,Percent,26.07358
Barbados,2000,Primaria,Percent,25.9325
Barbados,1999,Primaria,Percent,21.48648
Belgium,2011,Primaria,Percent,23.09738
Belgium,2010,Primaria,Percent,23.24719
Belgium,2009,Primaria,Percent,22.49557
Belgium,2008,Primaria,Percent,23.40283
Belgium,2007,Primaria,Percent,23.31025
Belgium,2006,Primaria,Percent,23.32164
Belgium,2005,Primaria,Percent,23.45806
Belgium,2004,Primaria,Percent,23.60283
Belize,2013,Primaria,Percent,39.28964
Belize,2004,Primaria,Percent,47.23948
Belize,2000,Primaria,Percent,61.65873
Benin,2014,Primaria,Percent,48.62643
Benin,2013,Primaria,Percent,48.97825
Benin,2012,Primaria,Percent,49.10451
Benin,2010,Primaria,Percent,49.4486
Benin,2009,Primaria,Percent,59.10962
Benin,2008,Primaria,Percent,57.02997
Benin,2007,Primaria,Percent,57.60559
Benin,2006,Primaria,Percent,54.43047
Benin,2005,Primaria,Percent,46.41995
Benin,2004,Primaria,Percent,50.08983
Benin,2001,Primaria,Percent,52.10035
Benin,2000,Primaria,Percent,51.48823
Bermuda,2010,Primaria,Percent,30.85982
Bermuda,1998,Primaria,Percent,43.03138
Bhutan,2011,Primaria,Percent,28.69502
Bhutan,2010,Primaria,Percent,27.818
Bhutan,2009,Primaria,Percent,30.02449
Bhutan,2008,Primaria,Percent,26.27011
Bhutan,2005,Primaria,Percent,26.64861
Bhutan,2004,Primaria,Percent,22.55011
Bolivia,2014,Primaria,Percent,34.65766
Bolivia,2011,Primaria,Percent,37.90667
Bolivia,2010,Primaria,Percent,39.67799
Bolivia,2009,Primaria,Percent,40.66749
Bolivia,2008,Primaria,Percent,40.88447
Bolivia,2003,Primaria,Percent,45.84178
Bolivia,2002,Primaria,Percent,44.93307
Bolivia,2001,Primaria,Percent,38.97768
Bolivia,2000,Primaria,Percent,40.26507
Bolivia,1999,Primaria,Percent,40.96412
Bolivia,1998,Primaria,Percent,38.88987
Botswana,2009,Primaria,Percent,19.22505
Botswana,2007,Primaria,Percent,19.31359
Botswana,2005,Primaria,Percent,24.84961
Brazil,2012,Primaria,Percent,28.61239
Brazil,2011,Primaria,Percent,29.38179
Brazil,2010,Primaria,Percent,31.46142
Brazil,2009,Primaria,Percent,32.5561
Brazil,2008,Primaria,Percent,31.94067
Brazil,2007,Primaria,Percent,32.05562
Brazil,2006,Primaria,Percent,31.72869
Brazil,2005,Primaria,Percent,33.72043
Brazil,2004,Primaria,Percent,32.46041
Brazil,2002,Primaria,Percent,29.06016
Brazil,2001,Primaria,Percent,30.85292
Brazil,2000,Primaria,Percent,30.26028
Brazil,1999,Primaria,Percent,33.3486
Brazil,1998,Primaria,Percent,32.31003
British Virgin Islands,2010,Primaria,Percent,28.11691
British Virgin Islands,2009,Primaria,Percent,27.27719
British Virgin Islands,2007,Primaria,Percent,26.75154
British Virgin Islands,2006,Primaria,Percent,26.6934
British Virgin Islands,2005,Primaria,Percent,32.44304
British Virgin Islands,2001,Primaria,Percent,29.52423
Brunei Darussalam,2010,Primaria,Percent,28.7027
Bulgaria,2012,Primaria,Percent,18.88856
Bulgaria,2011,Primaria,Percent,18.78845
Bulgaria,2010,Primaria,Percent,19.80273
Bulgaria,2009,Primaria,Percent,18.51902
Bulgaria,2008,Primaria,Percent,18.89938
Bulgaria,2007,Primaria,Percent,19.79569
Bulgaria,2006,Primaria,Percent,19.85359
Bulgaria,2005,Primaria,Percent,20.15224
Bulgaria,2004,Primaria,Percent,19.84885
Bulgaria,2003,Primaria,Percent,19.24796
Bulgaria,2002,Primaria,Percent,20.21574
Bulgaria,2001,Primaria,Percent,20.81934
Bulgaria,1998,Primaria,Percent,23.33029
Burkina Faso,2014,Primaria,Percent,64.18291
Burkina Faso,2013,Primaria,Percent,62.01865
Burkina Faso,2012,Primaria,Percent,61.72905
Burkina Faso,2011,Primaria,Percent,63.76395
Burkina Faso,2010,Primaria,Percent,56.56134
Burkina Faso,2006,Primaria,Percent,65.70721
Burkina Faso,2005,Primaria,Percent,71.13016
Burundi,2012,Primaria,Percent,43.99409
Burundi,2011,Primaria,Percent,49.94071
Burundi,2010,Primaria,Percent,45.05778
Burundi,2009,Primaria,Percent,50.76964
Burundi,2008,Primaria,Percent,48.90164
Burundi,2005,Primaria,Percent,52.0949
Burundi,2002,Primaria,Percent,40.45982
Burundi,2001,Primaria,Percent,41.48127
Burundi,1999,Primaria,Percent,38.89021
Cambodia,2001,Primaria,Percent,73.09731
Cambodia,2000,Primaria,Percent,61.74409
Cambodia,1998,Primaria,Percent,54.1812
Cameroon,2013,Primaria,Percent,34.69425
Cameroon,2010,Primaria,Percent,34.37705
Cameroon,2008,Primaria,Percent,30.83746
Cameroon,2007,Primaria,Percent,35.46203
Cameroon,2006,Primaria,Percent,33.99078
Cameroon,2005,Primaria,Percent,34.95593
Cape Verde,2011,Primaria,Percent,44.01836
Cape Verde,2009,Primaria,Percent,47.02301
Cape Verde,2008,Primaria,Percent,39.39453
Cape Verde,2007,Primaria,Percent,47.43946
Cape Verde,2006,Primaria,Percent,58.22844
Cape Verde,2002,Primaria,Percent,60.29463
Central African Republic,2010,Primaria,Percent,55.00182
Central African Republic,2009,Primaria,Percent,47.81654
Central African Republic,2007,Primaria,Percent,48.44314
Central African Republic,2006,Primaria,Percent,52.3711
Chad,2010,Primaria,Percent,53.06425
Chad,2009,Primaria,Percent,56.77946
Chad,2005,Primaria,Percent,47.82289
Chad,2004,Primaria,Percent,42.19578
Chile,2013,Primaria,Percent,29.24573
Chile,2012,Primaria,Percent,32.21995
Chile,2011,Primaria,Percent,32.72916
Chile,2010,Primaria,Percent,31.5806
Chile,2009,Primaria,Percent,37.07063
Chile,2007,Primaria,Percent,35.07901
Chile,2006,Primaria,Percent,35.50811
Chile,2005,Primaria,Percent,37.13899
Chile,2004,Primaria,Percent,36.76713
Chile,2003,Primaria,Percent,40.5412
Chile,2002,Primaria,Percent,42.56592
Chile,2000,Primaria,Percent,43.47571
China,1999,Primaria,Percent,34.3293
Colombia,2014,Primaria,Percent,35.3395
Colombia,2012,Primaria,Percent,34.96378
Colombia,2011,Primaria,Percent,35.57679
Colombia,2009,Primaria,Percent,38.40722
Colombia,2008,Primaria,Percent,41.68446
Colombia,2007,Primaria,Percent,40.99692
Colombia,2006,Primaria,Percent,41.0432
Colombia,2005,Primaria,Percent,47.94845
Colombia,2004,Primaria,Percent,48.78479
Congo,2005,Primaria,Percent,27.2551
Congo,2002,Primaria,Percent,40.23739
Cook Islands,2000,Primaria,Percent,51.07339
Cook Islands,1999,Primaria,Percent,52.99999
Costa Rica,2004,Primaria,Percent,55.96665
Costa Rica,2002,Primaria,Percent,52.23881
Costa Rica,2001,Primaria,Percent,42.50416
Costa Rica,2000,Primaria,Percent,46.45799
Costa Rica,1999,Primaria,Percent,47.20993
CÃ´te d'Ivoire,2014,Primaria,Percent,39.33244
CÃ´te d'Ivoire,2000,Primaria,Percent,42.25695
CÃ´te d'Ivoire,1999,Primaria,Percent,43.36907
CÃ´te d'Ivoire,1998,Primaria,Percent,45.29049
Cuba,2010,Primaria,Percent,29.16448
Cuba,2009,Primaria,Percent,25.61679
Cuba,2008,Primaria,Percent,25.66824
Cuba,2007,Primaria,Percent,30.58488
Cuba,2006,Primaria,Percent,31.73246
Cuba,2005,Primaria,Percent,31.98976
Cuba,2004,Primaria,Percent,31.97089
Cuba,2002,Primaria,Percent,34.37699
Cuba,2001,Primaria,Percent,32.24156
Cuba,2000,Primaria,Percent,35.53511
Cyprus,2011,Primaria,Percent,30.27554
Cyprus,2010,Primaria,Percent,30.29843
Cyprus,2008,Primaria,Percent,27.24269
Cyprus,2007,Primaria,Percent,27.35271
Cyprus,2006,Primaria,Percent,26.70143
Cyprus,2005,Primaria,Percent,26.65424
Cyprus,2004,Primaria,Percent,26.87039
Cyprus,2003,Primaria,Percent,27.56337
Cyprus,2002,Primaria,Percent,30.3207
Cyprus,2001,Primaria,Percent,31.30106
Cyprus,1999,Primaria,Percent,33.90265
Czech Republic,2012,Primaria,Percent,16.73724
Czech Republic,2011,Primaria,Percent,16.62654
Czech Republic,2010,Primaria,Percent,16.05983
Czech Republic,2009,Primaria,Percent,15.80779
Czech Republic,2008,Primaria,Percent,14.74136
Czech Republic,2007,Primaria,Percent,14.18468
Czech Republic,2006,Primaria,Percent,13.30177
Czech Republic,2005,Primaria,Percent,14.54419
Czech Republic,2004,Primaria,Percent,14.96428
Czech Republic,2003,Primaria,Percent,15.48589
Czech Republic,2002,Primaria,Percent,15.77511
Czech Republic,2001,Primaria,Percent,16.32875
Czech Republic,2000,Primaria,Percent,18.16167
Czech Republic,1999,Primaria,Percent,17.79301
Czech Republic,1998,Primaria,Percent,17.18005
Democratic Republic of the Congo,2013,Primaria,Percent,54.09166
Democratic Republic of the Congo,2010,Primaria,Percent,36.81177
Denmark,2011,Primaria,Percent,21.46359
Denmark,2010,Primaria,Percent,22.60916
Denmark,2009,Primaria,Percent,23.3567
Denmark,2008,Primaria,Percent,23.20734
Denmark,2007,Primaria,Percent,23.19889
Denmark,2006,Primaria,Percent,23.127
Denmark,2005,Primaria,Percent,22.45983
Denmark,2004,Primaria,Percent,22.11258
Denmark,2003,Primaria,Percent,22.60764
Denmark,2002,Primaria,Percent,21.7186
Denmark,2001,Primaria,Percent,21.42292
Denmark,1998,Primaria,Percent,22.15998
Dominica,1998,Primaria,Percent,60.97213
Dominican Republic,2001,Primaria,Percent,54.65668
Ecuador,2012,Primaria,Percent,25.83282
Ecuador,2011,Primaria,Percent,27.36921
Ecuador,2010,Primaria,Percent,30.5962
El Salvador,2010,Primaria,Percent,43.36226
El Salvador,2009,Primaria,Percent,46.66452
El Salvador,2008,Primaria,Percent,40.07345
El Salvador,2007,Primaria,Percent,46.30405
El Salvador,2006,Primaria,Percent,48.26176
El Salvador,2005,Primaria,Percent,51.27956
El Salvador,2003,Primaria,Percent,57.31323
El Salvador,2002,Primaria,Percent,58.72009
El Salvador,1998,Primaria,Percent,58.08007
Eritrea,2004,Primaria,Percent,32.54251
Estonia,2012,Primaria,Percent,27.7755
Estonia,2011,Primaria,Percent,25.87061
Estonia,2010,Primaria,Percent,25.50874
Estonia,2009,Primaria,Percent,26.19388
Estonia,2008,Primaria,Percent,25.25391
Estonia,2007,Primaria,Percent,24.43893
Estonia,2005,Primaria,Percent,25.30291
Estonia,2004,Primaria,Percent,25.80263
Estonia,2003,Primaria,Percent,26.1529
Estonia,2002,Primaria,Percent,27.12042
Estonia,1998,Primaria,Percent,24.49027
Ethiopia,2013,Primaria,Percent,32.87342
Ethiopia,2012,Primaria,Percent,33.70989
Ethiopia,2011,Primaria,Percent,37.04318
Ethiopia,2010,Primaria,Percent,38.9357
Ethiopia,2009,Primaria,Percent,44.66562
Fiji,2011,Primaria,Percent,44.76113
Fiji,2004,Primaria,Percent,40.1099
Finland,2013,Primaria,Percent,18.49619
Finland,2012,Primaria,Percent,18.16357
Finland,2011,Primaria,Percent,19.67299
Finland,2010,Primaria,Percent,19.58611
Finland,2009,Primaria,Percent,19.61254
Finland,2008,Primaria,Percent,19.92342
Finland,2007,Primaria,Percent,20.01287
Finland,2006,Primaria,Percent,20.23944
Finland,2005,Primaria,Percent,20.16457
Finland,2004,Primaria,Percent,20.36546
Finland,2002,Primaria,Percent,20.79968
Finland,2001,Primaria,Percent,21.10899
Finland,2000,Primaria,Percent,21.20646
Finland,1999,Primaria,Percent,21.11679
France,2012,Primaria,Percent,20.943
France,2011,Primaria,Percent,20.60481
France,2010,Primaria,Percent,20.41623
France,2009,Primaria,Percent,20.20987
France,2008,Primaria,Percent,21.00288
France,2007,Primaria,Percent,21.29331
France,2006,Primaria,Percent,20.6047
France,2005,Primaria,Percent,20.81966
France,2004,Primaria,Percent,19.51992
France,2003,Primaria,Percent,19.26538
France,2002,Primaria,Percent,20.16184
France,2001,Primaria,Percent,20.16823
France,1999,Primaria,Percent,20.16361
Gabon,1998,Primaria,Percent,38.64725
Gambia,2013,Primaria,Percent,51.04708
Gambia,2012,Primaria,Percent,50.82365
Gambia,2011,Primaria,Percent,51.03538
Gambia,2010,Primaria,Percent,50.26909
Gambia,2009,Primaria,Percent,51.05461
Gambia,2008,Primaria,Percent,51.15341
Georgia,2011,Primaria,Percent,38.29909
Germany,2012,Primaria,Percent,13.22426
Germany,2011,Primaria,Percent,13.65777
Germany,2010,Primaria,Percent,13.89223
Germany,2009,Primaria,Percent,13.92036
Germany,2008,Primaria,Percent,13.84806
Germany,2007,Primaria,Percent,14.30309
Germany,2006,Primaria,Percent,15.02751
Ghana,2013,Primaria,Percent,24.43605
Ghana,2012,Primaria,Percent,32.3561
Ghana,2011,Primaria,Percent,46.74468
Ghana,2010,Primaria,Percent,34.77411
Ghana,2009,Primaria,Percent,34.64966
Ghana,2008,Primaria,Percent,36.4163
Ghana,2007,Primaria,Percent,37.0475
Ghana,2006,Primaria,Percent,35.32998
Ghana,2005,Primaria,Percent,37.6739
Ghana,2004,Primaria,Percent,38.39978
Ghana,2001,Primaria,Percent,41.62161
Grenada,2003,Primaria,Percent,35.27291
Guatemala,2013,Primaria,Percent,53.87656
Guatemala,2012,Primaria,Percent,56.0839
Guatemala,2011,Primaria,Percent,56.3448
Guatemala,2010,Primaria,Percent,55.5896
Guatemala,2008,Primaria,Percent,57.62969
Guatemala,2007,Primaria,Percent,61.28325
Guatemala,2006,Primaria,Percent,66.47882
Guinea,2013,Primaria,Percent,40.3182
Guinea,2012,Primaria,Percent,43.17261
Guinea,2011,Primaria,Percent,35.29316
Guinea,2010,Primaria,Percent,42.14561
Guinea,2009,Primaria,Percent,42.21009
Guinea-Bissau,2013,Primaria,Percent,47.43965
Guinea-Bissau,2012,Primaria,Percent,44.88071
Guinea-Bissau,2011,Primaria,Percent,42.1022
Guinea-Bissau,2010,Primaria,Percent,37.68115
Guyana,2012,Primaria,Percent,31.52771
Guyana,2011,Primaria,Percent,30.06731
Guyana,2010,Primaria,Percent,29.3431
Guyana,2009,Primaria,Percent,34.96951
Guyana,2007,Primaria,Percent,33.10076
Guyana,2006,Primaria,Percent,27.05718
Guyana,2004,Primaria,Percent,34.14811
Guyana,2002,Primaria,Percent,42.43126
Holy See,2015,Primaria,Percent,0
Holy See,2014,Primaria,Percent,0
Holy See,2013,Primaria,Percent,0
Holy See,2012,Primaria,Percent,0
Holy See,2011,Primaria,Percent,0
Holy See,2010,Primaria,Percent,0
Holy See,2009,Primaria,Percent,0
Holy See,2008,Primaria,Percent,0
Holy See,2007,Primaria,Percent,0
Holy See,2006,Primaria,Percent,0
Holy See,2005,Primaria,Percent,0
Holy See,2004,Primaria,Percent,0
Holy See,2003,Primaria,Percent,0
Holy See,2002,Primaria,Percent,0
Holy See,2001,Primaria,Percent,0
Holy See,2000,Primaria,Percent,0
Holy See,1999,Primaria,Percent,0
Holy See,1998,Primaria,Percent,0
Holy See,1997,Primaria,Percent,0
Holy See,1996,Primaria,Percent,0
Holy See,1995,Primaria,Percent,0
Holy See,1994,Primaria,Percent,0
Holy See,1993,Primaria,Percent,0
Holy See,1992,Primaria,Percent,0
Holy See,1991,Primaria,Percent,0
Holy See,1990,Primaria,Percent,0
Holy See,1989,Primaria,Percent,0
Holy See,1988,Primaria,Percent,0
Holy See,1987,Primaria,Percent,0
Holy See,1986,Primaria,Percent,0
Holy See,1985,Primaria,Percent,0
Holy See,1984,Primaria,Percent,0
Holy See,1983,Primaria,Percent,0
Holy See,1982,Primaria,Percent,0
Holy See,1981,Primaria,Percent,0
Holy See,1980,Primaria,Percent,0
Holy See,1979,Primaria,Percent,0
Holy See,1978,Primaria,Percent,0
Holy See,1977,Primaria,Percent,0
Holy See,1976,Primaria,Percent,0
Holy See,1975,Primaria,Percent,0
Honduras,2013,Primaria,Percent,48.96017
Hong Kong Special Administrative Region of China,2014,Primaria,Percent,20.51596
Hong Kong Special Administrative Region of China,2013,Primaria,Percent,21.15668
Hong Kong Special Administrative Region of China,2012,Primaria,Percent,21.19802
Hong Kong Special Administrative Region of China,2011,Primaria,Percent,21.34806
Hong Kong Special Administrative Region of China,2010,Primaria,Percent,21.36288
Hong Kong Special Administrative Region of China,2009,Primaria,Percent,21.74382
Hong Kong Special Administrative Region of China,2008,Primaria,Percent,22.36979
Hong Kong Special Administrative Region of China,2007,Primaria,Percent,22.83327
Hong Kong Special Administrative Region of China,2006,Primaria,Percent,23.23452
Hong Kong Special Administrative Region of China,2005,Primaria,Percent,23.02054
Hong Kong Special Administrative Region of China,2004,Primaria,Percent,22.89023
Hong Kong Special Administrative Region of China,2003,Primaria,Percent,22.69305
Hong Kong Special Administrative Region of China,2002,Primaria,Percent,22.14448
Hong Kong Special Administrative Region of China,2001,Primaria,Percent,21.96758
Hungary,2011,Primaria,Percent,16.65702
Hungary,2010,Primaria,Percent,18.08807
Hungary,2009,Primaria,Percent,17.38306
Hungary,2008,Primaria,Percent,17.27983
Hungary,2007,Primaria,Percent,19.54918
Hungary,2006,Primaria,Percent,20.03936
Hungary,2005,Primaria,Percent,20.64278
Hungary,2004,Primaria,Percent,19.4587
Hungary,2002,Primaria,Percent,18.99455
Hungary,2001,Primaria,Percent,20.02442
Hungary,1999,Primaria,Percent,19.50014
Hungary,1998,Primaria,Percent,20.08845
Iceland,2011,Primaria,Percent,33.02837
Iceland,2010,Primaria,Percent,31.62039
Iceland,2009,Primaria,Percent,31.60819
Iceland,2008,Primaria,Percent,32.45495
Iceland,2007,Primaria,Percent,32.42795
Iceland,2006,Primaria,Percent,33.69463
Iceland,2005,Primaria,Percent,33.74761
Iceland,2004,Primaria,Percent,33.88981
Iceland,2003,Primaria,Percent,35.2019
Iceland,2002,Primaria,Percent,34.89152
Iceland,2001,Primaria,Percent,32.25931
Iceland,2000,Primaria,Percent,35.18242
Iceland,1999,Primaria,Percent,34.21259
India,2006,Primaria,Percent,35.6724
India,2005,Primaria,Percent,35.78179
India,1999,Primaria,Percent,29.87856
Indonesia,2014,Primaria,Percent,42.62427
Indonesia,2013,Primaria,Percent,41.5436
Indonesia,2012,Primaria,Percent,41.54157
Indonesia,2011,Primaria,Percent,42.34041
Indonesia,2010,Primaria,Percent,44.86379
Indonesia,2009,Primaria,Percent,47.68711
Indonesia,2008,Primaria,Percent,48.36292
Indonesia,2007,Primaria,Percent,47.63757
Iran Islamic Republic of,2014,Primaria,Percent,27.2086
Iran Islamic Republic of,2013,Primaria,Percent,26.37784
Iran Islamic Republic of,2012,Primaria,Percent,26.47329
Iran Islamic Republic of,2011,Primaria,Percent,28.52775
Iran Islamic Republic of,2010,Primaria,Percent,25.86525
Iran Islamic Republic of,2009,Primaria,Percent,26.49237
Iran Islamic Republic of,2008,Primaria,Percent,28.91947
Iran Islamic Republic of,2007,Primaria,Percent,29.54211
Iran Islamic Republic of,2006,Primaria,Percent,29.04758
Iran Islamic Republic of,2005,Primaria,Percent,22.59871
Iran Islamic Republic of,2004,Primaria,Percent,23.87108
Iran Islamic Republic of,2003,Primaria,Percent,25.00031
Iran Islamic Republic of,2002,Primaria,Percent,26.88863
Iran Islamic Republic of,2001,Primaria,Percent,26.62895
Ireland,2012,Primaria,Percent,36.62083
Ireland,2011,Primaria,Percent,35.07475
Ireland,2010,Primaria,Percent,34.77571
Ireland,2009,Primaria,Percent,35.36619
Ireland,2008,Primaria,Percent,34.25544
Ireland,2007,Primaria,Percent,33.78404
Ireland,2006,Primaria,Percent,33.44184
Ireland,2005,Primaria,Percent,32.76494
Ireland,2004,Primaria,Percent,33.12333
Ireland,2003,Primaria,Percent,33.61465
Ireland,2002,Primaria,Percent,32.53123
Ireland,2001,Primaria,Percent,32.67135
Ireland,2000,Primaria,Percent,31.84997
Ireland,1999,Primaria,Percent,32.28032
Ireland,1998,Primaria,Percent,32.76747
Israel,2013,Primaria,Percent,38.25554
Israel,2011,Primaria,Percent,41.51741
Israel,2010,Primaria,Percent,39.95613
Israel,2009,Primaria,Percent,36.95308
Israel,2008,Primaria,Percent,36.69591
Israel,2007,Primaria,Percent,36.93903
Israel,2006,Primaria,Percent,36.33123
Israel,2005,Primaria,Percent,36.64874
Israel,2004,Primaria,Percent,35.8119
Israel,2003,Primaria,Percent,34.70171
Israel,2002,Primaria,Percent,35.44974
Israel,2001,Primaria,Percent,35.29821
Israel,1999,Primaria,Percent,33.9332
Italy,2011,Primaria,Percent,25.15524
Italy,2010,Primaria,Percent,25.3034
Italy,2009,Primaria,Percent,25.41758
Italy,2008,Primaria,Percent,25.26165
Italy,2007,Primaria,Percent,25.0863
Italy,2006,Primaria,Percent,25.1145
Italy,2005,Primaria,Percent,24.50567
Italy,2004,Primaria,Percent,25.15054
Italy,2003,Primaria,Percent,25.61338
Italy,2002,Primaria,Percent,26.10476
Italy,2001,Primaria,Percent,24.00659
Italy,2000,Primaria,Percent,26.10476
Italy,1999,Primaria,Percent,26.10476
Italy,1998,Primaria,Percent,25.0894
Jamaica,2014,Primaria,Percent,36.28694
Jamaica,2013,Primaria,Percent,36.00423
Jamaica,2012,Primaria,Percent,37.13988
Jamaica,2011,Primaria,Percent,35.43022
Jamaica,2009,Primaria,Percent,31.26849
Jamaica,2008,Primaria,Percent,31.55097
Jamaica,2007,Primaria,Percent,36.6675
Jamaica,2005,Primaria,Percent,33.50682
Jamaica,2004,Primaria,Percent,31.31837
Jamaica,2003,Primaria,Percent,34.5248
Kenya,2006,Primaria,Percent,54.71857
Kenya,2004,Primaria,Percent,62.89108
Kenya,2003,Primaria,Percent,64.06219
Kenya,2001,Primaria,Percent,66.79284
Kenya,2000,Primaria,Percent,68.28777
Kuwait,2006,Primaria,Percent,21.34787
Kuwait,2005,Primaria,Percent,20.82789
Kuwait,2004,Primaria,Percent,20.20994
Kuwait,2002,Primaria,Percent,19.89528
Lao People's Democratic Republic,2005,Primaria,Percent,45.92817
Lao People's Democratic Republic,2002,Primaria,Percent,54.28005
Lesotho,2008,Primaria,Percent,35.66503
Lesotho,2006,Primaria,Percent,38.21468
Lesotho,2005,Primaria,Percent,39.20073
Lesotho,2001,Primaria,Percent,50.80457
Lesotho,2000,Primaria,Percent,46.51877
Lesotho,1999,Primaria,Percent,42.80833
Liechtenstein,2011,Primaria,Percent,37.77278
Liechtenstein,2008,Primaria,Percent,31.06497
Liechtenstein,2007,Primaria,Percent,30.56831
Liechtenstein,2006,Primaria,Percent,31.03178
Lithuania,2012,Primaria,Percent,16.08334
Lithuania,2011,Primaria,Percent,16.1576
Lithuania,2010,Primaria,Percent,17.2198
Lithuania,2009,Primaria,Percent,12.93789
Lithuania,2008,Primaria,Percent,14.58311
Lithuania,2007,Primaria,Percent,14.08472
Lithuania,2006,Primaria,Percent,14.66035
Lithuania,2005,Primaria,Percent,14.69805
Lithuania,2004,Primaria,Percent,14.20383
Madagascar,2012,Primaria,Percent,46.78486
Madagascar,2011,Primaria,Percent,47.77292
Madagascar,2009,Primaria,Percent,47.15545
Madagascar,2008,Primaria,Percent,52.33317
Madagascar,2007,Primaria,Percent,51.62
Madagascar,2006,Primaria,Percent,46.46819
Madagascar,2005,Primaria,Percent,46.14633
Madagascar,1998,Primaria,Percent,34.72269
Malawi,2014,Primaria,Percent,49.79765
Malawi,2011,Primaria,Percent,36.61847
Malawi,2010,Primaria,Percent,36.02422
Malawi,2003,Primaria,Percent,62.70483
Malawi,2001,Primaria,Percent,48.12954
Malawi,2000,Primaria,Percent,56.9521
Malawi,1999,Primaria,Percent,60.78067
Malaysia,2013,Primaria,Percent,32.03687
Malaysia,2009,Primaria,Percent,35.3643
Malaysia,2006,Primaria,Percent,32.82033
Malaysia,2004,Primaria,Percent,28.962
Malaysia,2003,Primaria,Percent,28.27996
Malaysia,2002,Primaria,Percent,31.76656
Malaysia,2001,Primaria,Percent,29.04651
Malaysia,2000,Primaria,Percent,30.87925
Maldives,2005,Primaria,Percent,54.13012
Maldives,2004,Primaria,Percent,54.1293
Maldives,2003,Primaria,Percent,54.12844
Mali,2014,Primaria,Percent,44.32886
Mali,2013,Primaria,Percent,40.36763
Mali,2012,Primaria,Percent,39.17285
Mali,2011,Primaria,Percent,40.21026
Mali,2010,Primaria,Percent,25.81395
Mali,2009,Primaria,Percent,39.86834
Mali,2008,Primaria,Percent,36.84606
Mali,1999,Primaria,Percent,48.93476
Mali,1998,Primaria,Percent,48.93378
Malta,2012,Primaria,Percent,22.72691
Malta,2011,Primaria,Percent,14.73714
Malta,2010,Primaria,Percent,22.23684
Malta,2009,Primaria,Percent,22.64325
Malta,2008,Primaria,Percent,22.82669
Malta,2007,Primaria,Percent,21.48849
Malta,2004,Primaria,Percent,21.79363
Malta,2002,Primaria,Percent,24.74071
Malta,1998,Primaria,Percent,21.68218
Marshall Islands,2002,Primaria,Percent,44.95825
Mauritania,2011,Primaria,Percent,48.81863
Mauritania,2010,Primaria,Percent,45.78863
Mauritania,2008,Primaria,Percent,42.55376
Mauritius,2014,Primaria,Percent,22.81141
Mauritius,2013,Primaria,Percent,27.3001
Mauritius,2012,Primaria,Percent,24.69264
Mauritius,2011,Primaria,Percent,25.91924
Mauritius,2010,Primaria,Percent,26.1803
Mauritius,2006,Primaria,Percent,27.91219
Mauritius,2005,Primaria,Percent,30.03065
Mauritius,2004,Primaria,Percent,29.93872
Mauritius,2003,Primaria,Percent,31.40259
Mexico,2011,Primaria,Percent,35.97578
Mexico,2010,Primaria,Percent,36.67508
Mexico,2009,Primaria,Percent,36.78128
Mexico,2008,Primaria,Percent,37.80176
Mexico,2007,Primaria,Percent,38.7077
Mexico,2006,Primaria,Percent,39.14418
Mexico,2005,Primaria,Percent,39.38169
Mexico,2004,Primaria,Percent,40.06912
Mexico,2003,Primaria,Percent,39.59402
Mexico,2002,Primaria,Percent,39.33009
Mexico,2001,Primaria,Percent,39.09505
Mexico,2000,Primaria,Percent,39.79947
Mexico,1999,Primaria,Percent,40.8447
Mexico,1998,Primaria,Percent,35.68199
Moldova,2014,Primaria,Percent,22.3772
Moldova,2012,Primaria,Percent,18.62408
Moldova,2011,Primaria,Percent,19.17691
Moldova,2010,Primaria,Percent,18.18098
Moldova,2009,Primaria,Percent,17.87909
Moldova,2008,Primaria,Percent,18.01274
Moldova,2007,Primaria,Percent,17.06817
Monaco,2014,Primaria,Percent,16.69147
Monaco,2013,Primaria,Percent,15.84607
Monaco,2012,Primaria,Percent,14.70685
Monaco,2011,Primaria,Percent,14.53992
Monaco,2010,Primaria,Percent,15.08198
Monaco,2009,Primaria,Percent,15.34398
Monaco,2004,Primaria,Percent,16.77106
Monaco,2000,Primaria,Percent,16.20666
Monaco,1999,Primaria,Percent,17.67602
Mongolia,2011,Primaria,Percent,35.15991
Mongolia,2010,Primaria,Percent,31.26247
Mongolia,2007,Primaria,Percent,27.11456
Mongolia,2004,Primaria,Percent,24.34324
Montserrat,2001,Primaria,Percent,20.34666
Morocco,1999,Primaria,Percent,39.07627
Morocco,1998,Primaria,Percent,40.99292
Mozambique,2013,Primaria,Percent,49.24664
Mozambique,2012,Primaria,Percent,51.92901
Mozambique,2006,Primaria,Percent,56.23285
Namibia,2010,Primaria,Percent,40.79189
Namibia,2001,Primaria,Percent,59.42697
Namibia,2000,Primaria,Percent,59.42696
Namibia,1999,Primaria,Percent,59.44721
Nepal,2009,Primaria,Percent,60.32807
Nepal,2008,Primaria,Percent,62.59275
Nepal,2003,Primaria,Percent,49.06926
Nepal,2002,Primaria,Percent,53.00932
Nepal,2001,Primaria,Percent,52.63077
Nepal,2000,Primaria,Percent,51.76636
Nepal,1999,Primaria,Percent,52.71312
Netherlands,2013,Primaria,Percent,23.48189
Netherlands,2012,Primaria,Percent,23.76971
New Zealand,2014,Primaria,Percent,22.16385
New Zealand,2012,Primaria,Percent,25.39041
New Zealand,2011,Primaria,Percent,23.08694
New Zealand,2010,Primaria,Percent,23.33056
New Zealand,2009,Primaria,Percent,21.71335
New Zealand,2008,Primaria,Percent,21.36664
New Zealand,2007,Primaria,Percent,23.93327
New Zealand,2006,Primaria,Percent,24.31198
New Zealand,2005,Primaria,Percent,25.6809
New Zealand,2004,Primaria,Percent,25.19879
New Zealand,2003,Primaria,Percent,25.48682
New Zealand,2002,Primaria,Percent,26.41004
New Zealand,2001,Primaria,Percent,27.69605
New Zealand,1999,Primaria,Percent,26.72074
Nicaragua,2010,Primaria,Percent,43.32306
Niger,2014,Primaria,Percent,54.04249
Niger,2013,Primaria,Percent,52.02132
Niger,2012,Primaria,Percent,51.75401
Niger,2011,Primaria,Percent,56.59927
Niger,2010,Primaria,Percent,60.38531
Niger,2009,Primaria,Percent,61.06012
Niger,2007,Primaria,Percent,61.4207
Niger,2006,Primaria,Percent,64.00445
Niue,2002,Primaria,Percent,29.07531
Norway,2012,Primaria,Percent,21.37908
Norway,2011,Primaria,Percent,25.1665
Norway,2010,Primaria,Percent,25.66718
Norway,2009,Primaria,Percent,24.78244
Norway,2008,Primaria,Percent,24.00973
Norway,2007,Primaria,Percent,24.08993
Norway,2006,Primaria,Percent,24.61373
Norway,2005,Primaria,Percent,24.07247
Norway,2004,Primaria,Percent,24.22987
Norway,2003,Primaria,Percent,25.40517
Norway,2002,Primaria,Percent,24.57171
Norway,1998,Primaria,Percent,25.42346
Oman,2009,Primaria,Percent,32.81073
Oman,2005,Primaria,Percent,50.11746
Oman,2004,Primaria,Percent,47.37952
Oman,2002,Primaria,Percent,46.08773
Oman,2001,Primaria,Percent,37.26507
Oman,1998,Primaria,Percent,38.79171
Panama,2011,Primaria,Percent,29.00765
Paraguay,2012,Primaria,Percent,38.72099
Paraguay,2011,Primaria,Percent,31.70806
Paraguay,2010,Primaria,Percent,39.64863
Paraguay,2007,Primaria,Percent,40.91899
Paraguay,2004,Primaria,Percent,46.04623
Paraguay,2003,Primaria,Percent,46.0699
Paraguay,2002,Primaria,Percent,46.58448
Paraguay,2001,Primaria,Percent,48.40469
Paraguay,2000,Primaria,Percent,47.89061
Peru,2014,Primaria,Percent,39.85922
Peru,2013,Primaria,Percent,40.57936
Peru,2012,Primaria,Percent,36.05197
Peru,2011,Primaria,Percent,38.35263
Peru,2010,Primaria,Percent,40.61352
Peru,2009,Primaria,Percent,41.02694
Peru,2008,Primaria,Percent,40.2314
Peru,2007,Primaria,Percent,40.81611
Peru,2006,Primaria,Percent,41.91121
Peru,2005,Primaria,Percent,37.71857
Peru,2004,Primaria,Percent,39.64029
Peru,2003,Primaria,Percent,37.92667
Peru,2002,Primaria,Percent,39.55531
Peru,2001,Primaria,Percent,39.15258
Peru,1998,Primaria,Percent,40.39667
Philippines,2009,Primaria,Percent,56.00663
Philippines,2008,Primaria,Percent,51.53629
Philippines,2007,Primaria,Percent,52.04952
Philippines,2005,Primaria,Percent,53.60358
Philippines,2004,Primaria,Percent,55.49588
Philippines,2003,Primaria,Percent,59.38234
Philippines,2002,Primaria,Percent,57.60802
Philippines,2001,Primaria,Percent,59.51763
Philippines,2000,Primaria,Percent,59.49627
Poland,2012,Primaria,Percent,30.08418
Poland,2011,Primaria,Percent,30.17092
Poland,2010,Primaria,Percent,30.26202
Poland,2009,Primaria,Percent,30.44531
Poland,2008,Primaria,Percent,30.45011
Poland,2007,Primaria,Percent,31.80961
Poland,2006,Primaria,Percent,31.9428
Poland,2005,Primaria,Percent,30.47647
Poland,2004,Primaria,Percent,31.27313
Poland,2003,Primaria,Percent,33.18905
Poland,2002,Primaria,Percent,33.38996
Portugal,2011,Primaria,Percent,27.79617
Portugal,2010,Primaria,Percent,27.3188
Portugal,2009,Primaria,Percent,28.00194
Portugal,2008,Primaria,Percent,29.22173
Portugal,2007,Primaria,Percent,28.26875
Portugal,2006,Primaria,Percent,30.71044
Portugal,2005,Primaria,Percent,31.00672
Portugal,2004,Primaria,Percent,31.55675
Portugal,2003,Primaria,Percent,31.23718
Portugal,2002,Primaria,Percent,31.7703
Portugal,2001,Primaria,Percent,31.33371
Portugal,1999,Primaria,Percent,31.04319
Puerto Rico,2013,Primaria,Percent,22.08437
Republic of Korea,2012,Primaria,Percent,30.14542
Republic of Korea,2009,Primaria,Percent,32.19036
Republic of Korea,2008,Primaria,Percent,30.63959
Republic of Korea,2007,Primaria,Percent,31.9507
Republic of Korea,2006,Primaria,Percent,33.15213
Republic of Korea,2005,Primaria,Percent,35.11919
Republic of Korea,2004,Primaria,Percent,33.62006
Republic of Korea,2003,Primaria,Percent,34.24917
Republic of Korea,2002,Primaria,Percent,34.205
Republic of Korea,1999,Primaria,Percent,43.52349
Romania,2012,Primaria,Percent,16.63359
Romania,2011,Primaria,Percent,16.41756
Romania,2010,Primaria,Percent,17.75508
Romania,2009,Primaria,Percent,19.99864
Romania,2007,Primaria,Percent,20.17705
Romania,2005,Primaria,Percent,14.13811
Romania,2004,Primaria,Percent,14.35776
Romania,2003,Primaria,Percent,16.69389
Rwanda,2013,Primaria,Percent,35.84065
Rwanda,2012,Primaria,Percent,37.5482
Rwanda,2011,Primaria,Percent,37.39491
Rwanda,2010,Primaria,Percent,36.10071
Rwanda,2007,Primaria,Percent,45.34856
Rwanda,2000,Primaria,Percent,47.68091
Saint Kitts and Nevis,1998,Primaria,Percent,33.46857
Saint Lucia,2013,Primaria,Percent,36.01515
Saint Lucia,2012,Primaria,Percent,40.53726
Saint Lucia,2011,Primaria,Percent,41.64624
Saint Lucia,2010,Primaria,Percent,41.93704
Saint Lucia,2004,Primaria,Percent,47.29207
Saint Lucia,1999,Primaria,Percent,52.69349
Saint Vincent and the Grenadines,2005,Primaria,Percent,49.97086
Saint Vincent and the Grenadines,2000,Primaria,Percent,48.95099
Samoa,2000,Primaria,Percent,31.82346
Samoa,1999,Primaria,Percent,32.35666
Sao Tome and Principe,2014,Primaria,Percent,56.81981
Sao Tome and Principe,2013,Primaria,Percent,54.17421
Sao Tome and Principe,2012,Primaria,Percent,45.74748
Senegal,2010,Primaria,Percent,40.14998
Senegal,2009,Primaria,Percent,43.79077
Senegal,2005,Primaria,Percent,46.07157
Serbia,2011,Primaria,Percent,45.5796
Serbia,2010,Primaria,Percent,46.21637
Serbia,2009,Primaria,Percent,47.3602
Serbia,2008,Primaria,Percent,47.58345
Serbia,2007,Primaria,Percent,48.50227
Seychelles,2011,Primaria,Percent,26.55312
Seychelles,2003,Primaria,Percent,30.60943
Seychelles,2002,Primaria,Percent,29.36945
Seychelles,1998,Primaria,Percent,20.80644
Sierra Leone,2013,Primaria,Percent,48.77909
Sierra Leone,2011,Primaria,Percent,52.69119
Sierra Leone,2010,Primaria,Percent,51.0587
Sierra Leone,2009,Primaria,Percent,48.93903
Sierra Leone,2008,Primaria,Percent,51.31001
Sierra Leone,2007,Primaria,Percent,51.42443
Singapore,2013,Primaria,Percent,20.44986
Singapore,2012,Primaria,Percent,18.98604
Singapore,2011,Primaria,Percent,20.4407
Singapore,2010,Primaria,Percent,20.21141
Singapore,2009,Primaria,Percent,20.39535
Singapore,2008,Primaria,Percent,21.92466
Slovakia,2013,Primaria,Percent,20.58717
Slovakia,2012,Primaria,Percent,19.49951
Slovakia,2011,Primaria,Percent,19.44771
Slovakia,2010,Primaria,Percent,20.68774
Slovakia,2009,Primaria,Percent,18.58807
Slovakia,2008,Primaria,Percent,18.27622
Slovakia,2007,Primaria,Percent,18.63927
Slovakia,2006,Primaria,Percent,17.87099
Slovakia,2005,Primaria,Percent,16.57404
Slovakia,2004,Primaria,Percent,13.54746
Slovakia,2003,Primaria,Percent,15.10502
Slovakia,2002,Primaria,Percent,14.09448
Slovakia,2001,Primaria,Percent,15.27044
Slovakia,2000,Primaria,Percent,15.90126
Slovakia,1999,Primaria,Percent,14.48375
Slovenia,2012,Primaria,Percent,27.65184
Slovenia,2011,Primaria,Percent,27.91409
Slovenia,2010,Primaria,Percent,27.98963
South Africa,2014,Primaria,Percent,38.79593
South Africa,2012,Primaria,Percent,38.74708
South Africa,2011,Primaria,Percent,39.79099
South Africa,2009,Primaria,Percent,40.48657
South Africa,2008,Primaria,Percent,40.37355
South Africa,2007,Primaria,Percent,42.13144
South Africa,2006,Primaria,Percent,44.73398
South Africa,2005,Primaria,Percent,42.53976
South Africa,2004,Primaria,Percent,40.22729
South Africa,2003,Primaria,Percent,42.5877
South Africa,2002,Primaria,Percent,43.88081
South Africa,2001,Primaria,Percent,43.85784
South Africa,2000,Primaria,Percent,47.90598
South Africa,1999,Primaria,Percent,45.19439
Spain,2013,Primaria,Percent,26.8594
Spain,2012,Primaria,Percent,26.91481
Spain,2011,Primaria,Percent,26.5101
Spain,2010,Primaria,Percent,26.5101
Spain,2009,Primaria,Percent,26.30513
Spain,2008,Primaria,Percent,26.4976
Spain,2007,Primaria,Percent,26.54803
Spain,2006,Primaria,Percent,26.6871
Spain,2005,Primaria,Percent,26.46441
Spain,2004,Primaria,Percent,27.08272
Spain,2003,Primaria,Percent,27.26885
Spain,2002,Primaria,Percent,27.13546
Spain,2001,Primaria,Percent,27.41556
Spain,2000,Primaria,Percent,27.19194
Spain,1999,Primaria,Percent,28.08537
Spain,1998,Primaria,Percent,27.3575
Sri Lanka,2013,Primaria,Percent,25.62997
Sri Lanka,2012,Primaria,Percent,26.09319
Sri Lanka,2011,Primaria,Percent,27.05888
Sri Lanka,2010,Primaria,Percent,26.99708
Sri Lanka,2009,Primaria,Percent,31.4351
Swaziland,2011,Primaria,Percent,48.67223
Swaziland,2008,Primaria,Percent,34.96358
Swaziland,2004,Primaria,Percent,37.65572
Swaziland,2003,Primaria,Percent,38.21866
Swaziland,2001,Primaria,Percent,34.83901
Swaziland,2000,Primaria,Percent,35.3699
Swaziland,1999,Primaria,Percent,33.15614
Sweden,2013,Primaria,Percent,21.94447
Sweden,2012,Primaria,Percent,21.52151
Sweden,2011,Primaria,Percent,23.78988
Sweden,2010,Primaria,Percent,23.95493
Sweden,2009,Primaria,Percent,23.51915
Sweden,2008,Primaria,Percent,24.15245
Sweden,2007,Primaria,Percent,24.52043
Sweden,2006,Primaria,Percent,24.29987
Sweden,2005,Primaria,Percent,26.23802
Sweden,2004,Primaria,Percent,26.9065
Switzerland,2012,Primaria,Percent,28.99694
Switzerland,2011,Primaria,Percent,28.74348
Switzerland,2010,Primaria,Percent,27.77693
Switzerland,2009,Primaria,Percent,27.53014
Switzerland,2008,Primaria,Percent,24.96132
Switzerland,2007,Primaria,Percent,28.76588
Switzerland,2006,Primaria,Percent,28.61673
Switzerland,2005,Primaria,Percent,28.87359
Switzerland,2004,Primaria,Percent,29.34749
Switzerland,2003,Primaria,Percent,28.86004
Switzerland,2002,Primaria,Percent,30.45046
Switzerland,2001,Primaria,Percent,33.1027
Switzerland,1999,Primaria,Percent,31.64184
Switzerland,1998,Primaria,Percent,31.64658
Thailand,2009,Primaria,Percent,47.81008
Thailand,2008,Primaria,Percent,46.92573
Thailand,2001,Primaria,Percent,33.63594
Thailand,1998,Primaria,Percent,28.71012
Timor-Leste,2014,Primaria,Percent,65.57785
Timor-Leste,2013,Primaria,Percent,64.72469
Timor-Leste,2012,Primaria,Percent,66.32607
Timor-Leste,2011,Primaria,Percent,69.77662
Togo,2014,Primaria,Percent,59.81919
Togo,2013,Primaria,Percent,58.78266
Togo,2012,Primaria,Percent,60.94655
Togo,2011,Primaria,Percent,47.06288
Togo,2010,Primaria,Percent,49.13099
Togo,2009,Primaria,Percent,50.76692
Togo,2008,Primaria,Percent,44.83638
Togo,2007,Primaria,Percent,41.78273
Togo,2006,Primaria,Percent,33.16285
Togo,2005,Primaria,Percent,42.2611
Togo,2004,Primaria,Percent,44.22322
Togo,2003,Primaria,Percent,44.49579
Togo,2002,Primaria,Percent,48.05018
Togo,2001,Primaria,Percent,45.95905
Togo,2000,Primaria,Percent,45.30145
Togo,1999,Primaria,Percent,36.80067
Togo,1998,Primaria,Percent,43.89658
Tonga,2002,Primaria,Percent,59.06046
Tunisia,2005,Primaria,Percent,35.1208
Tunisia,2004,Primaria,Percent,37.1066
Tunisia,2003,Primaria,Percent,36.29506
Tunisia,2002,Primaria,Percent,36.69834
Tunisia,2000,Primaria,Percent,38.28937
Turks and Caicos Islands,2005,Primaria,Percent,30.5561
Turks and Caicos Islands,2003,Primaria,Percent,21.86966
Turks and Caicos Islands,2002,Primaria,Percent,23.86505
Turks and Caicos Islands,2001,Primaria,Percent,28.85608
Turks and Caicos Islands,2000,Primaria,Percent,37.41462
Uganda,2013,Primaria,Percent,53.83809
Uganda,2012,Primaria,Percent,55.77021
Uganda,2011,Primaria,Percent,58.93328
Uganda,2010,Primaria,Percent,58.29274
Uganda,2009,Primaria,Percent,60.8755
Uganda,2004,Primaria,Percent,61.85658
United Kingdom of Great Britain and Northern Ireland,2013,Primaria,Percent,28.71389
United Kingdom of Great Britain and Northern Ireland,2011,Primaria,Percent,30.06047
United Kingdom of Great Britain and Northern Ireland,2010,Primaria,Percent,28.64458
United Kingdom of Great Britain and Northern Ireland,2009,Primaria,Percent,29.6586
United Kingdom of Great Britain and Northern Ireland,2008,Primaria,Percent,30.06471
United Kingdom of Great Britain and Northern Ireland,2007,Primaria,Percent,29.32816
United Kingdom of Great Britain and Northern Ireland,2006,Primaria,Percent,28.48256
United Kingdom of Great Britain and Northern Ireland,2005,Primaria,Percent,25.86553
United Republic of Tanzania,2009,Primaria,Percent,44.73459
United Republic of Tanzania,2008,Primaria,Percent,48.59416
United Republic of Tanzania,2007,Primaria,Percent,52.46873
United Republic of Tanzania,2006,Primaria,Percent,53.75079
United Republic of Tanzania,2005,Primaria,Percent,55.03391
United Republic of Tanzania,2004,Primaria,Percent,56.3182
United States of America,2011,Primaria,Percent,32.36064
Uruguay,2000,Primaria,Percent,32.56003
Vanuatu,2009,Primaria,Percent,55.32856
Vanuatu,2008,Primaria,Percent,50.64499
Vanuatu,2001,Primaria,Percent,43.89843
Vanuatu,2000,Primaria,Percent,40.24317
Vanuatu,1999,Primaria,Percent,38.91089
Venezuela (Bolivarian Republic of),2009,Primaria,Percent,32.67534
Venezuela (Bolivarian Republic of),2007,Primaria,Percent,32.47755
Venezuela (Bolivarian Republic of),2006,Primaria,Percent,29.97792
Viet Nam,2010,Primaria,Percent,31.19659
Zambia,2005,Primaria,Percent,59.42169
Zambia,2004,Primaria,Percent,63.53759
Zimbabwe,2010,Primaria,Percent,53.22566
